Date,Open,High,Low,Close,Adj Close,Volume,returns
2020-08-20,2.7878570556640625,3.0777840614318848,2.6928958892822266,2.9000799655914307,2.9000799655914307,48819867,
2020-08-21,2.896923065185547,3.090092897415161,2.7309188842773438,2.875027894973755,2.875027894973755,49313137,-0.008638406842194302
2020-08-22,2.878570079803467,4.510612964630127,2.8167619705200195,4.484690189361572,4.484690189361572,485801096,0.5598771049150155
2020-08-23,4.487058162689209,4.487058162689209,3.716270923614502,3.9670660495758057,3.9670660495758057,320749483,-0.11542026715996057
2020-08-24,3.987412929534912,4.783157825469971,3.8126699924468994,4.602613925933838,4.602613925933838,407690171,0.16020602339756618
2020-08-25,4.5849528312683105,5.760775089263916,4.501223087310791,5.523393154144287,5.523393154144287,898847538,0.20005571682261603
2020-08-26,5.541406154632568,6.554687976837158,5.136205196380615,6.081716060638428,6.081716060638428,1054351759,0.10108331797370296
2020-08-27,6.075771808624268,6.789179801940918,5.3139262199401855,5.6283369064331055,5.6283369064331055,1289248953,-0.07454789892932434
2020-08-28,5.639485836029053,6.333745956420898,5.540963172912598,6.159955024719238,6.159955024719238,727162235,0.09445385504170889
2020-08-29,6.175924777984619,6.562905788421631,6.042308807373047,6.159142971038818,6.159142971038818,527290028,-0.000131827858671274
2020-08-30,6.153439998626709,6.219505786895752,5.749978065490723,5.8698811531066895,5.8698811531066895,485335136,-0.046964621424162356
2020-08-31,5.905918121337891,6.459376811981201,5.772965908050537,6.300020217895508,6.300020217895508,512604781,0.07327900745676308
2020-09-01,6.298810005187988,6.838898181915283,6.172324180603027,6.288766860961914,6.288766860961914,601527409,-0.0017862413999288895
2020-09-02,6.282686233520508,6.432651996612549,5.657442092895508,6.139464855194092,6.139464855194092,584155028,-0.023741062289115544
2020-09-03,6.131178855895996,6.318078994750977,5.682590007781982,5.747868061065674,5.747868061065674,763663457,-0.0637835386902037
2020-09-04,5.72661018371582,5.9813947677612305,4.626719951629639,5.146038055419922,5.146038055419922,845787793,-0.1047049095859327
2020-09-05,5.136033058166504,5.311783790588379,3.653467893600464,4.122313022613525,4.122313022613525,805800385,-0.19893460207279
2020-09-06,4.1370320320129395,4.9016499519348145,3.759744882583618,4.799468040466309,4.799468040466309,924160482,0.16426579304826072
2020-09-07,4.796048164367676,4.820003032684326,4.032632827758789,4.594668865203857,4.594668865203857,675375183,-0.042671223880585196
2020-09-08,4.588957786560059,4.6164398193359375,4.119595050811768,4.2743239402771,4.2743239402771,519440288,-0.06972100369469059
2020-09-09,4.282867908477783,4.796722888946533,4.158873081207275,4.708939075469971,4.708939075469971,534097094,0.10168043912102176
2020-09-10,4.709848880767822,4.87014102935791,4.47129487991333,4.5815839767456055,4.5815839767456055,633577674,-0.027045391049501877
2020-09-11,4.579847812652588,4.748109817504883,4.317130088806152,4.645566940307617,4.645566940307617,633472140,0.013965249548358205
2020-09-12,4.650601863861084,5.280156135559082,4.516018867492676,5.1370368003845215,5.1370368003845215,753745737,0.1057933006653351
2020-09-13,5.145040988922119,5.4788007736206055,4.806826114654541,5.2979512214660645,5.2979512214660645,1099475714,0.03132436603714783
2020-09-14,5.296420097351074,5.602781772613525,5.126424789428711,5.3487091064453125,5.3487091064453125,1008259712,0.009580662950158692
2020-09-15,5.366625785827637,5.4519171714782715,5.095705986022949,5.095705986022949,5.095705986022949,897864384,-0.04730171624354906
2020-09-16,5.068963050842285,5.281322956085205,4.986210823059082,5.080321788787842,5.080321788787842,792360521,-0.003019051192769906
2020-09-17,5.080321788787842,5.417671203613281,5.061747074127197,5.336300849914551,5.336300849914551,776350363,0.050386387274059974
2020-09-18,5.341709136962891,5.459138870239258,5.108552932739258,5.245763778686523,5.245763778686523,683398180,-0.016966260669032063
2020-09-19,5.253236770629883,5.255691051483154,4.8249831199646,4.925411224365234,4.925411224365234,605268040,-0.06106881053677593
2020-09-20,4.928915023803711,4.974465847015381,4.424918174743652,4.672449111938477,4.672449111938477,798507891,-0.05135857716313996
2020-09-21,4.672449111938477,4.700902938842773,3.9504759311676025,4.094596862792969,4.094596862792969,1096736657,-0.12367224025384238
2020-09-22,4.085402011871338,4.208596229553223,3.918225049972534,4.174462795257568,4.174462795257568,673117344,0.019505200424083213
2020-09-23,4.168553829193115,4.315890789031982,3.9741010665893555,4.031414985656738,4.031414985656738,557062766,-0.034267357649789276
2020-09-24,4.021368026733398,4.39995002746582,3.9931840896606445,4.381972789764404,4.381972789764404,437573446,0.08695651659650672
2020-09-25,4.376265048980713,4.527897834777832,4.262062072753906,4.42095422744751,4.42095422744751,425191119,0.008895864842921819
2020-09-26,4.422246932983398,4.464016914367676,4.2425432205200195,4.347661972045898,4.347661972045898,329745176,-0.016578379153210032
2020-09-27,4.340383052825928,4.362192153930664,4.160518169403076,4.310280799865723,4.310280799865723,316361927,-0.008597994145019827
2020-09-28,4.302436828613281,4.582980155944824,4.270126819610596,4.397861003875732,4.397861003875732,543507456,0.020318909156159526
2020-09-29,4.42175817489624,4.602887153625488,4.358147144317627,4.500452041625977,4.500452041625977,508965929,0.023327485261547265
2020-09-30,4.502908229827881,4.502908229827881,4.253639221191406,4.349781036376953,4.349781036376953,378446620,-0.033479082513361735
2020-10-01,4.350967884063721,4.58342981338501,4.257381916046143,4.3438310623168945,4.3438310623168945,445143708,-0.0013678789829417726
2020-10-02,4.344503879547119,4.358544826507568,3.933161973953247,4.123178958892822,4.123178958892822,554916297,-0.050796658585148036
2020-10-03,4.127322196960449,4.1315131187438965,4.038118839263916,4.0700459480285645,4.0700459480285645,361964763,-0.012886418803059962
2020-10-04,4.067633152008057,4.195494174957275,4.021516799926758,4.173911094665527,4.173911094665527,286356969,0.025519403948565333
2020-10-05,4.181272983551025,4.233528137207031,4.120232105255127,4.172699928283691,4.172699928283691,332264664,-0.00029017541446529904
2020-10-06,4.169270992279053,4.182002067565918,3.6456809043884277,3.75616192817688,3.75616192817688,662270711,-0.09982457575810899
2020-10-07,3.7534561157226562,3.8777029514312744,3.6202709674835205,3.858798027038574,3.858798027038574,629063456,0.027324726895230134
2020-10-08,3.8576250076293945,4.160009860992432,3.6646409034729004,4.102642059326172,4.102642059326172,614223111,0.06319170647931927
2020-10-09,4.111853122711182,4.35194206237793,4.020022869110107,4.262467861175537,4.262467861175537,491506582,0.038956798945218196
2020-10-10,4.260406970977783,4.47580099105835,4.239728927612305,4.252954959869385,4.252954959869385,492038159,-0.0022317825297405447
2020-10-11,4.2586989402771,4.334370136260986,4.1786208152771,4.262162208557129,4.262162208557129,388098955,0.0021649062298150223
2020-10-12,4.255739212036133,4.437003135681152,4.207902908325195,4.319948196411133,4.319948196411133,489608532,0.013557904421841904
2020-10-13,4.316079139709473,4.344513893127441,4.157707214355469,4.2494001388549805,4.2494001388549805,420659947,-0.016330764710271617
2020-10-14,4.255530834197998,4.358098030090332,4.093733787536621,4.199113845825195,4.199113845825195,520198619,-0.011833739207090743
2020-10-15,4.192293167114258,4.192293167114258,4.033811092376709,4.096810817718506,4.096810817718506,450623089,-0.024363004162985535
2020-10-16,4.100024223327637,4.157107830047607,3.839911937713623,3.909528970718384,3.909528970718384,443295515,-0.045714057917963236
2020-10-17,3.917128086090088,3.977368116378784,3.871609926223755,3.967252016067505,3.967252016067505,206453738,0.014764705871590955
2020-10-18,3.96835994720459,4.121717929840088,3.9600119590759277,4.104650974273682,4.104650974273682,204108300,0.03463328209292138
2020-10-19,4.110964775085449,4.111244201660156,3.9641659259796143,3.9905920028686523,3.9905920028686523,249983725,-0.02778773935223855
2020-10-20,3.989690065383911,4.138195037841797,3.875638961791992,3.9103429317474365,3.9103429317474365,502694693,-0.02010956546385312
2020-10-21,3.906003952026367,4.245581150054932,3.9053409099578857,4.141119956970215,4.141119956970215,458018407,0.05901708091869318
2020-10-22,4.1409149169921875,4.331874847412109,4.131649971008301,4.26894998550415,4.26894998550415,367309225,0.030868467917423148
2020-10-23,4.273909091949463,4.474156856536865,4.202276229858398,4.266849994659424,4.266849994659424,461816708,-0.0004919221007173569
2020-10-24,4.266852855682373,4.430924892425537,4.244643211364746,4.355343818664551,4.355343818664551,310306552,0.02073984886178093
2020-10-25,4.355343818664551,4.447239875793457,4.267938137054443,4.335230827331543,4.335230827331543,339106539,-0.00461800311764482
2020-10-26,4.335230827331543,4.738708019256592,4.304171085357666,4.727015972137451,4.727015972137451,722990810,0.09037238394225544
2020-10-27,4.727015972137451,4.9277801513671875,4.66053581237793,4.6839518547058105,4.6839518547058105,820401909,-0.009110211957284342
2020-10-28,4.683953762054443,4.774251937866211,4.2622761726379395,4.3650970458984375,4.3650970458984375,649971738,-0.06807388690108551
2020-10-29,4.365097999572754,4.403780937194824,3.879251003265381,4.053345203399658,4.053345203399658,686597329,-0.07141922372418041
2020-10-30,4.053277969360352,4.156761169433594,3.9371869564056396,4.088112831115723,4.088112831115723,586577443,0.008577514613584913
2020-10-31,4.088185787200928,4.27423095703125,4.072735786437988,4.18176794052124,4.18176794052124,318678917,0.02290913026976238
2020-11-01,4.181673049926758,4.22561502456665,4.122063159942627,4.22561502456665,4.22561502456665,302861124,0.010485298244441665
2020-11-02,4.22576904296875,4.261608123779297,3.985630989074707,4.030231952667236,4.030231952667236,503474044,-0.046237783319944326
2020-11-03,4.030229091644287,4.065161228179932,3.8863699436187744,4.025467872619629,4.025467872619629,413471121,-0.0011820858212526764
2020-11-04,4.025473117828369,4.147281169891357,3.8941900730133057,4.098083019256592,4.098083019256592,836536272,0.018038933345084107
2020-11-05,4.098083972930908,4.297354221343994,4.0256757736206055,4.235195159912109,4.235195159912109,375265287,0.03345762885018133
2020-11-06,4.235197067260742,4.633965015411377,4.206799030303955,4.579651832580566,4.579651832580566,463200956,0.08133194803603927
2020-11-07,4.579651832580566,4.838397979736328,4.106513977050781,4.241960048675537,4.241960048675537,724809168,-0.07373743599952776
2020-11-08,4.241960048675537,4.426574230194092,4.142643928527832,4.372093200683594,4.372093200683594,393903990,0.030677599627249696
2020-11-09,4.372093200683594,4.45768404006958,4.250327110290527,4.346766948699951,4.346766948699951,396903280,-0.005792706335647768
2020-11-10,4.346765995025635,4.498283863067627,4.308891773223877,4.415016174316406,4.415016174316406,379322634,0.01570114671937195
2020-11-11,4.415018081665039,4.62040376663208,4.415018081665039,4.457201957702637,4.457201957702637,404513890,0.009555068819824264
2020-11-12,4.45720100402832,4.471586227416992,4.320396900177002,4.399240016937256,4.399240016937256,367161907,-0.013004109150857479
2020-11-13,4.399240970611572,4.585021018981934,4.37412691116333,4.5401201248168945,4.5401201248168945,342519103,0.03202373758586585
2020-11-14,4.5401201248168945,4.550857067108154,4.3705267906188965,4.4656219482421875,4.4656219482421875,331350627,-0.016408855829053937
2020-11-15,4.4656219482421875,4.491476058959961,4.309564113616943,4.379988193511963,4.379988193511963,325439058,-0.019176221301924756
2020-11-16,4.379988193511963,4.589541912078857,4.3458638191223145,4.485499858856201,4.485499858856201,445672648,0.02408948624576923
2020-11-17,4.608518123626709,4.910906791687012,4.566730976104736,4.844666004180908,4.844666004180908,675069949,0.0800727135495427
2020-11-18,4.844667911529541,4.927710056304932,4.5268378257751465,4.679663181304932,4.679663181304932,671452168,-0.03405865806509267
2020-11-19,4.679657936096191,4.848308086395264,4.547364234924316,4.756765842437744,4.756765842437744,551607999,0.01647611337517496
2020-11-20,4.756759166717529,5.459795951843262,4.752435207366943,5.233436107635498,5.233436107635498,1027776286,0.10020889843790792
2020-11-21,5.233436107635498,5.8060431480407715,5.141745090484619,5.7519211769104,5.7519211769104,1022750932,0.09907163450766898
2020-11-22,5.7519211769104,5.834374904632568,5.22339391708374,5.481853008270264,5.481853008270264,1048639986,-0.046952689429099914
2020-11-23,5.48185396194458,5.939077854156494,5.422479152679443,5.9069318771362305,5.9069318771362305,997956277,0.07754291627751897
2020-11-24,5.9079060554504395,6.0756940841674805,5.624484062194824,5.729445934295654,5.729445934295654,1113438978,-0.03004706106863453
2020-11-25,5.729334831237793,5.816349983215332,5.183073043823242,5.3098602294921875,5.3098602294921875,1011116414,-0.07323320782065257
2020-11-26,5.308625221252441,5.365758895874023,4.4594807624816895,4.804576873779297,4.804576873779297,1433368625,-0.09515944561147405
2020-11-27,4.8059000968933105,5.06801700592041,4.52234411239624,4.782790184020996,4.782790184020996,864684858,-0.004534569917530207
2020-11-28,4.783547878265381,4.944546222686768,4.679183006286621,4.900475978851318,4.900475978851318,415083876,0.024606096086653206
2020-11-29,4.901079177856445,5.200435161590576,4.81423282623291,5.190351963043213,5.190351963043213,451787954,0.059152618121768974
2020-11-30,5.190307140350342,5.437084197998047,5.146361827850342,5.376430034637451,5.376430034637451,649773393,0.035850761743936976
2020-12-01,5.377254009246826,5.530345916748047,5.018441200256348,5.09356689453125,5.09356689453125,777715514,-0.052611702985785325
2020-12-02,5.0934672355651855,5.532001972198486,5.030746936798096,5.4641571044921875,5.4641571044921875,607216780,0.07275652163493218
2020-12-03,5.4647440910339355,5.564023971557617,5.338206768035889,5.410368919372559,5.410368919372559,354593131,-0.009843821122091923
2020-12-04,5.410147190093994,5.434473991394043,4.97195291519165,5.032713890075684,5.032713890075684,422944392,-0.06980208464983417
2020-12-05,5.0297040939331055,5.190218925476074,4.892159938812256,5.188902854919434,5.188902854919434,408952852,0.03103473955707048
2020-12-06,5.18795919418335,5.20137882232666,5.009243965148926,5.135868072509766,5.135868072509766,299285627,-0.010220808500854384
2020-12-07,5.13498592376709,5.154355049133301,5.0187788009643555,5.060319900512695,5.060319900512695,242900962,-0.01470991289699386
2020-12-08,5.060634136199951,5.067212104797363,4.712739944458008,4.733346939086914,4.733346939086914,398505417,-0.06461507727854388
2020-12-09,4.73314905166626,4.93630313873291,4.6283087730407715,4.861896991729736,4.861896991729736,477599466,0.02715838376039681
2020-12-10,4.863699913024902,4.912511825561523,4.749416828155518,4.797595977783203,4.797595977783203,299121449,-0.013225499029681509
2020-12-11,4.798059940338135,4.804924011230469,4.546073913574219,4.621051788330078,4.621051788330078,366039075,-0.03679846953988397
2020-12-12,4.619785785675049,4.797782897949219,4.615324974060059,4.740454196929932,4.740454196929932,282782417,0.025838794730972392
2020-12-13,4.740725040435791,4.994999885559082,4.735164165496826,4.891211986541748,4.891211986541748,280953204,0.03180239347306668
2020-12-14,4.891504764556885,5.002224922180176,4.835015773773193,4.8980817794799805,4.8980817794799805,204385757,0.0014045175218606598
2020-12-15,4.89790678024292,5.282553195953369,4.8543829917907715,5.249607086181641,5.249607086181641,354033042,0.07176795376801182
2020-12-16,5.2488250732421875,5.361889839172363,5.124766826629639,5.35931396484375,5.35931396484375,508481878,0.020898112346519504
2020-12-17,5.359303951263428,5.726208209991455,5.292483806610107,5.343967914581299,5.343967914581299,863948412,-0.0028634355746125495
2020-12-18,5.3441948890686035,5.503850936889648,5.258786201477051,5.367640972137451,5.367640972137451,607402856,0.004429865211495576
2020-12-19,5.36706018447876,5.567254066467285,5.287726879119873,5.338944911956787,5.338944911956787,517648631,-0.005346121383606017
2020-12-20,5.338881969451904,5.429289817810059,5.090573787689209,5.188476085662842,5.188476085662842,519415555,-0.028183251330607284
2020-12-21,5.188238143920898,5.41227912902832,4.806443214416504,4.890545845031738,4.890545845031738,665375358,-0.057421531045380614
2020-12-22,4.8881611824035645,5.1732401847839355,4.814806938171387,5.154829978942871,5.154829978942871,697260532,0.05403980297610689
2020-12-23,5.154473781585693,5.184189796447754,4.619132995605469,4.710612773895264,4.710612773895264,665441295,-0.08617494793469516
2020-12-24,4.711977005004883,5.196156024932861,4.6553120613098145,5.128820896148682,5.128820896148682,646511051,0.08877998305676837
2020-12-25,5.127845764160156,5.272006034851074,5.043450832366943,5.214210033416748,5.214210033416748,512565394,0.016648882656866926
2020-12-26,5.214894771575928,5.273873805999756,5.093932151794434,5.182180881500244,5.182180881500244,484934518,-0.006142666235390615
2020-12-27,5.18195915222168,5.394439220428467,4.952185153961182,5.136190891265869,5.136190891265869,784179881,-0.0088746400957469
2020-12-28,5.1363911628723145,6.644753932952881,5.122084140777588,6.588821887969971,6.588821887969971,1746628677,0.282822626233443
2020-12-29,6.582754135131836,7.607135772705078,6.198066234588623,7.519257068634033,7.519257068634033,2717983832,0.14121419526651247
2020-12-30,7.51915979385376,7.651447772979736,7.088112831115723,7.254300117492676,7.254300117492676,2059017629,-0.03523711833800758
2020-12-31,7.25056791305542,9.430130004882812,7.169960021972656,9.292508125305176,9.292508125305176,2751292067,0.28096549285266836
2021-01-01,9.288180351257324,9.416586875915527,8.120194435119629,8.306818962097168,8.306818962097168,2791211123,-0.10607353256154795
2021-01-02,8.305492401123047,9.761335372924805,7.9432902336120605,9.208836555480957,9.208836555480957,3049232407,0.1085876070610865
2021-01-03,9.209648132324219,10.45749282836914,8.873361587524414,10.033283233642578,10.033283233642578,3032883074,0.08952777836749881
2021-01-04,10.062047958374023,10.50556468963623,8.777210235595703,9.469611167907715,9.469611167907715,2893262630,-0.05618022063254591
2021-01-05,9.475802421569824,10.041343688964844,9.08426284790039,9.701656341552734,9.701656341552734,2080742171,0.024504192361288757
2021-01-06,9.707113265991211,10.371598243713379,9.48974323272705,10.096068382263184,10.096068382263184,2382484175,0.040654093159449456
2021-01-07,10.094014167785645,10.629005432128906,9.4964017868042,9.644584655761719,9.644584655761719,2521342761,-0.0447187666928478
2021-01-08,9.645126342773438,9.795449256896973,8.86168384552002,9.307134628295898,9.307134628295898,2350202788,-0.03498854948245245
2021-01-09,9.30577278137207,9.823150634765625,9.053465843200684,9.777765274047852,9.777765274047852,1478813230,0.05056665284728168
2021-01-10,9.777318000793457,9.994552612304688,8.752950668334961,9.305047988891602,9.305047988891602,1603968712,-0.04834614780648672
2021-01-11,9.304654121398926,9.304654121398926,7.22859001159668,8.276439666748047,8.276439666748047,3251043299,-0.11054304323540409
2021-01-12,8.272258758544922,8.616104125976562,7.9736528396606445,8.264147758483887,8.264147758483887,1918790089,-0.001485168594117181
2021-01-13,8.265111923217773,11.299745559692383,7.989519119262695,10.957710266113281,10.957710266113281,2915711373,0.32593348840649794
2021-01-14,10.9478759765625,14.549702644348145,10.92501163482666,14.539050102233887,14.539050102233887,5405054869,0.3268328646355889
2021-01-15,14.522520065307617,14.855377197265625,11.851578712463379,13.212381362915039,13.212381362915039,6159630996,-0.09124865310939456
2021-01-16,13.198049545288086,19.32206153869629,13.18575382232666,18.180423736572266,18.180423736572266,8917081506,0.37601415196822097
2021-01-17,18.15034294128418,18.15034294128418,16.408960342407227,16.984254837036133,16.984254837036133,6091648732,-0.06579433553739922
2021-01-18,16.99701690673828,18.10170555114746,15.824629783630371,16.51292610168457,16.51292610168457,3888179752,-0.027750922243805265
2021-01-19,16.52107810974121,17.467544555664062,16.048328399658203,16.468509674072266,16.468509674072266,3414422602,-0.0026897975161273013
2021-01-20,16.452497482299805,18.125743865966797,14.83346939086914,17.948930740356445,17.948930740356445,4624508717,0.08989405207776202
2021-01-21,17.979415893554688,18.060771942138672,15.052481651306152,15.94483757019043,15.94483757019043,4843725549,-0.11165529574750688
2021-01-22,15.931008338928223,17.983863830566406,14.891925811767578,17.161441802978516,17.161441802978516,2991599976,0.07630082322460163
2021-01-23,17.159591674804688,18.753698348999023,16.87032127380371,18.59819984436035,18.59819984436035,2842317183,0.08372012432734377
2021-01-24,18.60063362121582,18.72452735900879,17.380525588989258,17.999649047851562,17.999649047851562,2800444854,-0.03218326512876413
2021-01-25,17.997594833374023,19.05194664001465,17.119707107543945,17.250455856323242,17.250455856323242,3351498659,-0.041622655504927386
2021-01-26,17.244647979736328,17.76909828186035,16.07543182373047,17.117761611938477,17.117761611938477,2588253411,-0.007692216686327469
2021-01-27,17.116113662719727,17.116113662719727,15.08426570892334,15.504860877990723,15.504860877990723,2973163194,-0.09422381094633692
2021-01-28,15.498236656188965,17.463062286376953,15.356571197509766,16.94493293762207,16.94493293762207,2960951225,0.0928787475723527
2021-01-29,17.10266876220703,17.642789840698242,16.032001495361328,16.841611862182617,16.841611862182617,3657663583,-0.006097461454689701
2021-01-30,16.836748123168945,17.050155639648438,16.161949157714844,16.506908416748047,16.506908416748047,1998709420,-0.019873599283340426
2021-01-31,16.511579513549805,17.456100463867188,15.813972473144531,16.121315002441406,16.121315002441406,2540474629,-0.023359517395481144
2021-02-01,16.123022079467773,16.516582489013672,15.743364334106445,16.375776290893555,16.375776290893555,2228986208,0.015784152124911133
2021-02-02,16.38133430480957,17.603918075561523,16.03933334350586,17.263256072998047,17.263256072998047,2658383686,0.05419466939091078
2021-02-03,17.247203826904297,20.733652114868164,16.84036636352539,20.733652114868164,20.733652114868164,4685307862,0.20102789573389135
2021-02-04,20.728294372558594,21.55594825744629,19.043312072753906,19.70218276977539,19.70218276977539,4858842246,-0.049748560426221444
2021-02-05,19.688629150390625,21.283489227294922,19.531709671020508,20.90267562866211,20.90267562866211,3387079061,0.06093197250856708
2021-02-06,20.892112731933594,21.298307418823242,19.814205169677734,20.395479202270508,20.395479202270508,2622835076,-0.024264665222863857
2021-02-07,20.390621185302734,20.77747917175293,18.62379264831543,19.793615341186523,19.793615341186523,3038407999,-0.02950967001633298
2021-02-08,19.78141975402832,23.608169555664062,19.233234405517578,23.031898498535156,23.031898498535156,4736654531,0.16360240923801417
2021-02-09,23.030057907104492,24.054412841796875,22.36963653564453,23.12996482849121,23.12996482849121,3446396914,0.004257848303833578
2021-02-10,23.11301612854004,24.78626823425293,22.13630485534668,23.585050582885742,23.585050582885742,4203061885,0.019675159809753096
2021-02-11,23.590524673461914,25.577707290649414,23.33354949951172,25.230295181274414,25.230295181274414,4060334812,0.06975794232904997
2021-02-12,25.174123764038086,29.668529510498047,24.549880981445312,28.69125747680664,28.69125747680664,4562466560,0.1371748634197869
2021-02-13,28.687116622924805,30.146413803100586,27.473081588745117,28.016725540161133,28.016725540161133,4947621076,-0.023510016498607067
2021-02-14,28.01349449157715,29.372905731201172,26.543987274169922,27.095735549926758,27.095735549926758,3550653217,-0.032872863351363635
2021-02-15,27.064634323120117,29.448110580444336,23.612611770629883,27.780893325805664,27.780893325805664,5407907535,0.02528655384226175
2021-02-16,27.76352882385254,30.973859786987305,26.96091079711914,30.159910202026367,30.159910202026367,5274752208,0.08563500274524416
2021-02-17,30.164308547973633,32.34794616699219,29.732839584350586,31.986658096313477,31.986658096313477,4292546900,0.060568744470743674
2021-02-18,31.981353759765625,32.57830047607422,30.629947662353516,31.180639266967773,31.180639266967773,1992921511,-0.02519859458023843
2021-02-19,31.188146591186523,34.98970031738281,29.62764549255371,34.79221725463867,34.79221725463867,3466759116,0.11582757995269644
2021-02-20,34.797115325927734,42.06304931640625,34.797115325927734,39.2421760559082,39.2421760559082,6056666198,0.12790098339237743
2021-02-21,39.171199798583984,40.474647521972656,38.154544830322266,39.69622802734375,39.69622802734375,3721239427,0.011570509514779781
2021-02-22,39.696250915527344,39.696250915527344,31.362598419189453,37.68947982788086,37.68947982788086,5770512363,-0.050552616688935625
2021-02-23,37.6649284362793,37.714168548583984,26.75764274597168,34.30077362060547,34.30077362060547,7502138162,-0.08991119598229613
2021-02-24,34.33086013793945,36.752567291259766,31.975444793701172,33.633544921875,33.633544921875,4724242062,-0.019452293003958565
2021-02-25,33.62117385864258,35.07918167114258,31.05927276611328,31.080659866333008,31.080659866333008,3470266685,-0.0759029433701357
2021-02-26,31.14373016357422,33.49775314331055,28.10401153564453,31.34609031677246,31.34609031677246,5147313878,0.008540051967396378
2021-02-27,31.396251678466797,35.52410888671875,31.396251678466797,33.44936752319336,33.44936752319336,4507278636,0.06709854993608211
2021-02-28,33.45447540283203,34.60817337036133,29.96314811706543,33.60725784301758,33.60725784301758,4567616883,0.004720278185073035
2021-03-01,33.643157958984375,35.58492660522461,33.190711975097656,35.58492660522461,35.58492660522461,3311498739,0.05884647808651611
2021-03-02,35.588783264160156,37.75641632080078,34.59242630004883,36.15311813354492,36.15311813354492,3752858101,0.015967196859045574
2021-03-03,36.15830993652344,38.54848861694336,36.157447814941406,37.04331970214844,37.04331970214844,2683665084,0.024623092407001446
2021-03-04,37.03825378417969,38.2761116027832,34.45174026489258,35.3303108215332,35.3303108215332,2868268909,-0.046243395418901545
2021-03-05,35.31525421142578,35.31525421142578,31.58006477355957,33.72447204589844,33.72447204589844,3035955286,-0.04545215533897984
2021-03-06,33.68503952026367,34.15437698364258,32.182193756103516,33.433692932128906,33.433692932128906,1637892896,-0.008622199136988251
2021-03-07,33.433841705322266,35.219852447509766,33.39497375488281,35.18865966796875,35.18865966796875,1607577506,0.05249096291583655
2021-03-08,35.17959976196289,35.491920471191406,33.509830474853516,34.913753509521484,34.913753509521484,1855547495,-0.007812350940365698
2021-03-09,34.9309196472168,38.74789047241211,34.60213088989258,38.194190979003906,38.194190979003906,3020766952,0.09395831555572509
2021-03-10,38.179161071777344,39.415618896484375,36.43911361694336,37.56694412231445,37.56694412231445,3143656899,-0.016422572140204816
2021-03-11,37.54322052001953,37.97154235839844,35.9573860168457,36.88249588012695,36.88249588012695,2563507906,-0.018219428228151924
2021-03-12,36.88960647583008,37.42766571044922,34.68550491333008,35.98695373535156,35.98695373535156,2198904040,-0.02428095288578147
2021-03-13,35.98869323730469,38.15318298339844,34.80978012084961,37.15781021118164,37.15781021118164,2115307643,0.03253558176778637
2021-03-14,37.17006301879883,37.87159729003906,36.33742141723633,36.57925033569336,36.57925033569336,1640191647,-0.015570343682798082
2021-03-15,36.561100006103516,38.38170623779297,34.13330078125,34.35751724243164,34.35751724243164,2905566504,-0.06073752394793597
2021-03-16,34.343379974365234,35.45328903198242,32.24177169799805,35.43083190917969,35.43083190917969,2518683414,0.031239587516600276
2021-03-17,35.43600845336914,36.358436584472656,34.562583923339844,36.14136505126953,36.14136505126953,2111418087,0.020054091417078812
2021-03-18,36.1085205078125,36.94623947143555,35.45511245727539,35.5172233581543,35.5172233581543,1639504240,-0.017269455435062753
2021-03-19,35.49811935424805,38.96683883666992,34.89021682739258,38.27268981933594,38.27268981933594,2491198971,0.07758113390215282
2021-03-20,38.28895568847656,40.1314582824707,37.336246490478516,37.35047912597656,37.35047912597656,2133559565,-0.024095789914756915
2021-03-21,37.35634994506836,38.154197692871094,36.1999397277832,36.793609619140625,36.793609619140625,1930244845,-0.014909300224977384
2021-03-22,36.7929801940918,37.78388214111328,35.40290451049805,35.53754425048828,35.53754425048828,1929884756,-0.03413813924902109
2021-03-23,35.50693893432617,36.40205764770508,34.26506805419922,34.46046447753906,34.46046447753906,1728982595,-0.030308221788128198
2021-03-24,34.4522705078125,36.14900588989258,28.338356018066406,30.43643569946289,30.43643569946289,2729222673,-0.11677233139730281
2021-03-25,30.363176345825195,31.23499870300293,28.668222427368164,29.982208251953125,29.982208251953125,3433822540,-0.01492380553343775
2021-03-26,29.96906089782715,33.43862533569336,29.936052322387695,33.20038604736328,33.20038604736328,1735749439,0.1073362498307815
2021-03-27,33.20174789428711,33.532737731933594,31.230958938598633,32.661048889160156,32.661048889160156,1518535916,-0.01624490623192487
2021-03-28,32.64219665527344,33.24730682373047,31.46784782409668,32.29789352416992,32.29789352416992,1138942373,-0.011118913119497531
2021-03-29,32.29410934448242,34.68859100341797,31.85914421081543,34.37360382080078,34.37360382080078,1639815517,0.06426766795418137
2021-03-30,34.36458969116211,34.78227615356445,33.61277389526367,34.06686019897461,34.06686019897461,1281200871,-0.008923813267451175
2021-03-31,34.075130462646484,38.19570541381836,33.51557922363281,37.02701187133789,37.02701187133789,3527967413,0.0868924125990449
2021-04-01,37.09178924560547,38.9946403503418,36.192874908447266,37.67287826538086,37.67287826538086,2811720574,0.0174431141321163
2021-04-02,37.634002685546875,41.380027770996094,36.89369201660156,41.164283752441406,41.164283752441406,2824216498,0.0926768977529635
2021-04-03,41.1817741394043,46.85270309448242,41.07139205932617,41.64603042602539,41.64603042602539,5242091096,0.011703025770621212
2021-04-04,41.612789154052734,45.21769714355469,41.07725524902344,44.6522102355957,44.6522102355957,3120632809,0.07218406601584992
2021-04-05,44.66585922241211,45.84861373901367,42.254981994628906,45.7972297668457,45.7972297668457,2937995182,0.0256430650399746
2021-04-06,45.80988311767578,46.22871017456055,41.86383056640625,43.430198669433594,43.430198669433594,3105511689,-0.05168502788187612
2021-04-07,43.42070770263672,43.4764289855957,38.046630859375,39.59401321411133,39.59401321411133,3804483298,-0.08832990805593977
2021-04-08,39.62665939331055,41.50545120239258,39.353763580322266,41.36595153808594,41.36595153808594,1864637395,0.044752683048130404
2021-04-09,41.3520393371582,42.0547981262207,40.16448974609375,40.849308013916016,40.849308013916016,1318352700,-0.012489583944279459
2021-04-10,40.8345832824707,42.74890899658203,39.98325729370117,41.62615203857422,41.62615203857422,1647212348,0.019017311734963904
2021-04-11,41.613277435302734,41.9311408996582,39.9872932434082,41.423397064208984,41.423397064208984,1534168402,-0.004870855566407983
2021-04-12,41.417293548583984,41.7311897277832,39.453617095947266,40.49749755859375,40.49749755859375,1787924966,-0.02235209015281947
2021-04-13,40.44916915893555,43.321964263916016,39.86016845703125,42.94791030883789,42.94791030883789,2556927711,0.06050775721879509
2021-04-14,42.89757537841797,44.53425979614258,40.11277770996094,42.64084243774414,42.64084243774414,2954854988,-0.007149774433392153
2021-04-15,42.57252883911133,44.30052185058594,41.516822814941406,43.515968322753906,43.515968322753906,2266870611,0.020523184697569086
2021-04-16,43.46696090698242,43.798004150390625,40.163822174072266,41.5379753112793,41.5379753112793,2697585009,-0.04545441794616678
2021-04-17,41.51316452026367,48.360450744628906,41.498756408691406,42.53594970703125,42.53594970703125,4593280503,0.024025590758174564
2021-04-18,42.56203079223633,43.1066780090332,32.8703727722168,37.34743118286133,37.34743118286133,5942657694,-0.1219796092459704
2021-04-19,37.37347412109375,38.69322967529297,34.065147399902344,34.81666946411133,34.81666946411133,2813475560,-0.06776267171787076
2021-04-20,34.715572357177734,35.72856521606445,31.642417907714844,35.444435119628906,35.444435119628906,3357861319,0.018030606177442454
2021-04-21,35.461788177490234,36.2602653503418,33.10824966430664,33.871028900146484,33.871028900146484,2811533459,-0.04439078276101738
2021-04-22,33.79372024536133,36.71358108520508,32.81059265136719,32.98847579956055,32.98847579956055,3470349242,-0.02605628258851389
2021-04-23,32.95511245727539,33.455230712890625,27.130443572998047,32.22798538208008,32.22798538208008,4380184942,-0.02305321476812816
2021-04-24,32.25593185424805,32.39308166503906,28.567087173461914,28.932832717895508,28.932832717895508,2000992624,-0.10224507132911864
2021-04-25,28.96876335144043,31.26188087463379,28.184215545654297,29.762489318847656,29.762489318847656,1620694353,0.028675263464229994
2021-04-26,29.813657760620117,33.45232009887695,29.784292221069336,33.4066276550293,33.4066276550293,2200104405,0.12244064322515924
2021-04-27,33.41890335083008,34.92201614379883,33.19032287597656,34.70315933227539,34.70315933227539,1844667809,0.038810612392086385
2021-04-28,34.79204559326172,35.346614837646484,32.645015716552734,33.967552185058594,33.967552185058594,1856657053,-0.02119712329858836
2021-04-29,33.96497344970703,35.96815490722656,32.991275787353516,35.96815490722656,35.96815490722656,1827249049,0.058897465182904174
2021-04-30,35.9778938293457,36.7950325012207,35.13565444946289,36.54066467285156,36.54066467285156,2210863082,0.01591712911328602
2021-05-01,36.51767349243164,37.3614616394043,35.909568786621094,36.929683685302734,36.929683685302734,1596159168,0.010646194204020576
2021-05-02,36.89778137207031,37.16471862792969,35.60399627685547,36.6545295715332,36.6545295715332,1423486755,-0.007450757393815399
2021-05-03,36.63914489746094,38.25682830810547,36.62281799316406,37.25520706176758,37.25520706176758,1857108732,0.016387537836548116
2021-05-04,37.256771087646484,37.911800384521484,34.62866973876953,34.85350799560547,34.85350799560547,2627951840,-0.06446613119557199
2021-05-05,34.76781463623047,40.718441009521484,34.5352668762207,40.49504470825195,40.49504470825195,3300471923,0.1618642437185318
2021-05-06,40.44245910644531,43.73299789428711,38.05546951293945,41.53346633911133,41.53346633911133,4088642953,0.025643177784855364
2021-05-07,41.57681655883789,42.582000732421875,38.419960021972656,39.92985153198242,39.92985153198242,3016255239,-0.03861018471311195
2021-05-08,39.878448486328125,40.591346740722656,38.77667999267578,39.83269119262695,39.83269119262695,1754219539,-0.002433275748036423
2021-05-09,39.889888763427734,40.5498046875,38.28005599975586,40.312843322753906,40.312843322753906,2294525692,0.012054222693741234
2021-05-10,40.30022430419922,41.78782272338867,32.65971374511719,36.541770935058594,36.541770935058594,3187436826,-0.09354518502957576
2021-05-11,36.51004409790039,38.64228439331055,35.58522415161133,38.64228439331055,38.64228439331055,2263017018,0.05748253038926188
2021-05-12,38.651222229003906,42.41300582885742,34.03139114379883,34.03139114379883,34.03139114379883,3698746095,-0.11932248110854238
2021-05-13,35.05686950683594,41.78797912597656,33.15098190307617,40.031654357910156,40.031654357910156,7032709584,0.1763155431629979
2021-05-14,39.967552185058594,47.96388626098633,39.457359313964844,47.94593811035156,47.94593811035156,5633438540,0.19770064163929724
2021-05-15,47.959781646728516,49.69295883178711,42.976322174072266,43.538631439208984,43.538631439208984,6487556686,-0.0919224202266894
2021-05-16,43.53163146972656,46.640377044677734,39.453521728515625,42.63151168823242,42.63151168823242,4268621267,-0.020834824637130156
2021-05-17,42.38621139526367,42.38621139526367,35.430057525634766,38.71015930175781,38.71015930175781,4779518016,-0.0919824850488945
2021-05-18,38.63136672973633,42.60001754760742,37.850582122802734,40.645355224609375,40.645355224609375,3914013746,0.04999193900924315
2021-05-19,40.688819885253906,41.340518951416016,18.63531494140625,25.227142333984375,25.227142333984375,10069997172,-0.37933517385744975
2021-05-20,25.060495376586914,31.229703903198242,21.27937889099121,29.150569915771484,29.150569915771484,6694931133,0.15552405935815106
2021-05-21,29.015823364257812,30.980138778686523,20.029605865478516,24.463970184326172,24.463970184326172,6442011513,-0.16077214767968218
2021-05-22,24.468996047973633,24.601327896118164,20.48414421081543,22.014524459838867,22.014524459838867,4379003452,-0.10012462024895041
2021-05-23,22.069677352905273,23.464120864868164,13.822856903076172,18.029441833496094,18.029441833496094,6002858936,-0.18102060908073514
2021-05-24,17.922500610351562,23.488632202148438,17.208324432373047,23.19908905029297,23.19908905029297,4412004564,0.28673362517481915
2021-05-25,23.25743293762207,24.203800201416016,19.75786018371582,22.130130767822266,22.130130767822266,3303527397,-0.046077597277777715
2021-05-26,22.185699462890625,24.74044418334961,21.67319107055664,24.5496883392334,24.5496883392334,3100578186,0.10933318003385795
2021-05-27,24.546218872070312,24.8983154296875,21.809864044189453,23.852981567382812,23.852981567382812,2755550527,-0.028379454851863217
2021-05-28,23.976791381835938,26.11575698852539,20.127405166625977,21.410093307495117,21.410093307495117,4521086730,-0.10241437754801119
2021-05-29,21.367643356323242,22.271089553833008,18.80724334716797,19.863374710083008,19.863374710083008,2392272347,-0.07224249680736528
2021-05-30,19.863420486450195,21.245222091674805,18.5616455078125,20.473987579345703,20.473987579345703,1947583708,0.03074064091197637
2021-05-31,20.477188110351562,23.430927276611328,19.09707260131836,23.430927276611328,23.430927276611328,2651300356,0.1444242205289119
2021-06-01,23.29697036743164,23.51683807373047,21.74542808532715,22.81084632873535,22.81084632873535,2230220978,-0.026464208631424513
2021-06-02,22.847124099731445,26.844892501831055,22.684246063232422,25.957727432250977,25.957727432250977,2962777621,0.1379554733816004
2021-06-03,25.94164276123047,28.614927291870117,25.750545501708984,27.013458251953125,27.013458251953125,2803059246,0.040671157460050456
2021-06-04,26.987314224243164,26.987314224243164,23.70758056640625,25.008298873901367,25.008298873901367,2801117143,-0.07422816284200784
2021-06-05,25.02138328552246,26.388992309570312,23.06475830078125,23.816770553588867,23.816770553588867,2102969701,-0.047645316713484154
2021-06-06,23.793794631958008,24.45808982849121,23.624956130981445,24.20159912109375,24.20159912109375,1187622849,0.016157881969723897
2021-06-07,24.202632904052734,25.279027938842773,21.432226181030273,21.6269588470459,21.6269588470459,1861117892,-0.10638306424156219
2021-06-08,21.7032527923584,22.27193260192871,19.663782119750977,21.745269775390625,21.745269775390625,2653898124,0.005470530053784506
2021-06-09,21.66172218322754,23.283065795898438,20.435955047607422,23.184938430786133,23.184938430786133,2220005781,0.06620606091651249
2021-06-10,23.20025062561035,24.551923751831055,22.106969833374023,22.684816360473633,22.684816360473633,2114395058,-0.021570989796048434
2021-06-11,22.683626174926758,23.192602157592773,20.515979766845703,20.985857009887695,20.985857009887695,1517304438,-0.07489411964322668
2021-06-12,20.963895797729492,21.257568359375,19.52117156982422,20.777036666870117,20.777036666870117,1455506948,-0.009950527296511691
2021-06-13,20.755634307861328,22.401641845703125,19.993820190429688,22.07633399963379,22.07633399963379,1233102638,0.06253525724558484
2021-06-14,22.044921875,26.0310115814209,21.305421829223633,22.20535659790039,22.20535659790039,1232810594,0.005844385135174157
2021-06-15,25.186891555786133,25.985240936279297,23.648099899291992,24.760835647583008,24.760835647583008,3151346883,0.11508390051814121
2021-06-16,23.96950340270996,24.54051399230957,22.575315475463867,22.97217559814453,22.97217559814453,1694813679,-0.0722374670587127
2021-06-17,23.01753044128418,23.996915817260742,22.01553726196289,22.51145362854004,22.51145362854004,1236017502,-0.020055652440759908
2021-06-18,22.547189712524414,22.565635681152344,20.273529052734375,21.398895263671875,21.398895263671875,1406342364,-0.0494218802226819
2021-06-19,21.450775146484375,21.65412139892578,20.313392639160156,20.355941772460938,20.355941772460938,997553727,-0.0487386604943818
2021-06-20,20.263673782348633,21.017650604248047,18.952503204345703,20.67236328125,20.67236328125,1309501356,0.015544429843926011
2021-06-21,20.638240814208984,20.776973724365234,15.381439208984375,15.769904136657715,15.769904136657715,2426849565,-0.23715039629933632
2021-06-22,15.723163604736328,16.935104370117188,13.056846618652344,14.652412414550781,14.652412414550781,3026165113,-0.0708623028030515
2021-06-23,14.659878730773926,16.80120849609375,14.008464813232422,16.14249038696289,16.14249038696289,2060945482,0.10169506087150304
2021-06-24,15.81025505065918,16.59453582763672,14.753929138183594,16.253658294677734,16.253658294677734,1163182954,0.006886664018373789
2021-06-25,16.232013702392578,16.721202850341797,14.467696189880371,14.467696189880371,14.467696189880371,1273917013,-0.10988062332909865
2021-06-26,14.441859245300293,14.991235733032227,13.645800590515137,14.499611854553223,14.499611854553223,1135392300,0.0022059949458419492
2021-06-27,14.519034385681152,15.040332794189453,14.064210891723633,15.015593528747559,15.015593528747559,982313261,0.035585895634323794
2021-06-28,15.0355863571167,16.032859802246094,14.682417869567871,15.740378379821777,15.740378379821777,1109200887,0.04826881133180705
2021-06-29,15.776033401489258,17.03166961669922,15.738138198852539,16.25337028503418,16.25337028503418,1342798978,0.03259082423774684
2021-06-30,16.307409286499023,16.622644424438477,15.104999542236328,16.40219497680664,16.40219497680664,1208316036,0.009156543483753499
2021-07-01,16.41434097290039,16.41434097290039,14.895051956176758,15.278964042663574,15.278964042663574,883647161,-0.06848052566936069
2021-07-02,15.219060897827148,15.469186782836914,14.675114631652832,15.340773582458496,15.340773582458496,753194773,0.004045401221073108
2021-07-03,15.32193374633789,15.7769775390625,15.068263053894043,15.553715705871582,15.553715705871582,711235057,0.013880794359456328
2021-07-04,15.553584098815918,16.579444885253906,15.221813201904297,16.014026641845703,16.014026641845703,752075893,0.029594917682618682
2021-07-05,15.996540069580078,15.996540069580078,14.788740158081055,15.23558235168457,15.23558235168457,844844586,-0.04861015330941232
2021-07-06,15.240784645080566,16.162343978881836,15.210809707641602,16.143564224243164,16.143564224243164,1001573398,0.05959613827680177
2021-07-07,16.13637351989746,17.674274444580078,16.10146141052246,16.857789993286133,16.857789993286133,1424247756,0.044242136316489544
2021-07-08,16.877674102783203,16.879568099975586,15.005345344543457,15.337747573852539,15.337747573852539,1116757295,-0.09016854641319971
2021-07-09,15.310519218444824,15.901407241821289,14.853453636169434,15.669268608093262,15.669268608093262,822381786,0.02161471445819685
2021-07-10,15.681145668029785,15.982069969177246,15.080467224121094,15.290839195251465,15.290839195251465,664082424,-0.02415105786407512
2021-07-11,15.284208297729492,15.71493911743164,15.164154052734375,15.48243522644043,15.48243522644043,543030842,0.012530118768658838
2021-07-12,15.49107837677002,15.649907112121582,14.437862396240234,14.873132705688477,14.873132705688477,668145499,-0.039354436937117265
2021-07-13,14.860331535339355,15.094985008239746,14.02966594696045,14.18964958190918,14.18964958190918,607013676,-0.04595421403843769
2021-07-14,14.195369720458984,14.205731391906738,13.198354721069336,13.799570083618164,13.799570083618164,859077648,-0.027490425048152023
2021-07-15,13.809198379516602,14.103684425354004,12.761529922485352,13.08484935760498,13.08484935760498,766661233,-0.05179297048258391
2021-07-16,13.074950218200684,13.311599731445312,12.015724182128906,12.053826332092285,12.053826332092285,810693173,-0.07879517733335306
2021-07-17,12.02747631072998,12.735906600952148,11.748998641967773,12.292176246643066,12.292176246643066,851659386,0.019773796965715018
2021-07-18,12.298961639404297,12.934033393859863,12.27425479888916,12.682146072387695,12.682146072387695,675122783,0.03172504346828964
2021-07-19,12.65831470489502,12.743030548095703,11.363264083862305,11.425251007080078,11.425251007080078,870751781,-0.0991074427098898
2021-07-20,11.45839786529541,11.546499252319336,10.42149543762207,10.98121166229248,10.98121166229248,940409268,-0.03886473430758175
2021-07-21,10.963041305541992,12.847416877746582,10.688973426818848,12.305878639221191,12.305878639221191,1230601624,0.12063031090434051
2021-07-22,12.325519561767578,13.340932846069336,11.861371040344238,13.161491394042969,13.161491394042969,1044329360,0.0695287821297681
2021-07-23,13.16706657409668,13.494525909423828,12.36031436920166,13.397968292236328,13.397968292236328,955080499,0.017967332965046046
2021-07-24,13.391894340515137,14.03961181640625,13.138667106628418,13.805340766906738,13.805340766906738,886579432,0.030405541033148298
2021-07-25,13.777481079101562,13.833035469055176,13.095836639404297,13.712599754333496,13.712599754333496,777347324,-0.006717763374269992
2021-07-26,13.739113807678223,15.28815746307373,13.662253379821777,13.951711654663086,13.951711654663086,1793449168,0.017437386390135368
2021-07-27,13.933466911315918,14.532206535339355,13.398344993591309,14.37607192993164,14.37607192993164,1125369355,0.030416359352346545
2021-07-28,14.401078224182129,14.741687774658203,13.972804069519043,14.538834571838379,14.538834571838379,1108934437,0.011321774313598043
2021-07-29,14.530527114868164,15.37865924835205,14.295145988464355,15.236948013305664,15.236948013305664,1062263753,0.0480171528204556
2021-07-30,15.257331848144531,15.838522911071777,14.438772201538086,15.838522911071777,15.838522911071777,1137541991,0.03948132508168878
2021-07-31,15.795483589172363,17.00242042541504,15.609440803527832,16.847204208374023,16.847204208374023,1264877872,0.06368531352106932
2021-08-01,16.783761978149414,19.867767333984375,16.59880828857422,18.413965225219727,18.413965225219727,2765314958,0.09299828015778022
2021-08-02,18.431352615356445,18.831836700439453,17.609724044799805,18.017284393310547,18.017284393310547,1663229216,-0.021542390628928043
2021-08-03,18.008831024169922,18.513397216796875,16.86625862121582,17.33682632446289,17.33682632446289,1323763207,-0.03776696054707873
2021-08-04,17.418771743774414,19.523395538330078,17.130821228027344,19.16309356689453,19.16309356689453,1596864082,0.10534034362764033
2021-08-05,19.157344818115234,19.451784133911133,17.90880584716797,19.13237190246582,19.13237190246582,1640748887,-0.001603168315254977
2021-08-06,19.12693214416504,20.75922203063965,18.550565719604492,20.400678634643555,20.400678634643555,1714827721,0.06629113936543707
2021-08-07,20.4212589263916,21.682161331176758,20.089033126831055,20.96709442138672,20.96709442138672,1715197695,0.027764556115368766
2021-08-08,20.967561721801758,21.171062469482422,19.247997283935547,19.676132202148438,19.676132202148438,1319824174,-0.06157086877624218
2021-08-09,19.661148071289062,21.248897552490234,18.735897064208984,20.6209716796875,20.6209716796875,1388957425,0.048019573553988115
2021-08-10,20.581571578979492,21.38875389099121,20.1248722076416,20.608009338378906,20.608009338378906,1436590205,-0.0006285999277794163
2021-08-11,20.619293212890625,22.396411895751953,20.552658081054688,21.402421951293945,21.402421951293945,1858448703,0.03854873121760383
2021-08-12,21.378454208374023,22.27886962890625,19.957048416137695,20.754806518554688,20.754806518554688,1646177585,-0.03025897883020212
2021-08-13,20.790307998657227,22.714149475097656,20.5528507232666,22.714149475097656,22.714149475097656,1463855800,0.0944042988206768
2021-08-14,22.725379943847656,23.477127075195312,21.871505737304688,22.861026763916016,22.861026763916016,1618443546,0.006466334518903549
2021-08-15,22.858993530273438,23.337629318237305,21.872825622558594,23.17401695251465,23.17401695251465,1302613173,0.013690994364813802
2021-08-16,23.169599533081055,25.6485538482666,22.900766372680664,24.535856246948242,24.535856246948242,2668518584,0.05876578485396422
2021-08-17,24.43208885192871,27.387134552001953,23.08695411682129,23.533639907836914,23.533639907836914,3257290651,-0.040847008925396056
2021-08-18,23.5186767578125,25.13239288330078,22.729354858398438,23.948135375976562,23.948135375976562,2397153468,0.017612892428154225
2021-08-19,23.88703727722168,26.806604385375977,23.480201721191406,26.548627853393555,26.548627853393555,2276827143,0.10858851583182805
2021-08-20,26.55137825012207,28.436683654785156,26.123294830322266,28.146953582763672,28.146953582763672,2387493287,0.060203703867347524
2021-08-21,28.165449142456055,29.349266052246094,27.540231704711914,27.873336791992188,27.873336791992188,2047070057,-0.009721009059361907
2021-08-22,27.886716842651367,28.52391815185547,26.605052947998047,27.736873626708984,27.736873626708984,1752533688,-0.004895831679628926
2021-08-23,27.694242477416992,28.639219284057617,27.37611961364746,27.89130973815918,27.89130973815918,1729002173,0.005567899018780631
2021-08-24,27.927942276000977,28.166486740112305,24.428972244262695,25.081445693969727,25.081445693969727,2018934382,-0.10074335234050225
2021-08-25,25.100425720214844,26.528032302856445,24.611122131347656,25.935373306274414,25.935373306274414,1846569890,0.03404618787624325
2021-08-26,25.99818992614746,26.382314682006836,23.55915641784668,23.981494903564453,23.981494903564453,1685733118,-0.07533642873138324
2021-08-27,23.962322235107422,26.73560333251953,23.462703704833984,26.569753646850586,26.569753646850586,1736385099,0.10792733120658915
2021-08-28,26.568513870239258,26.752275466918945,25.495515823364258,25.96674156188965,25.96674156188965,1084058904,-0.022695433799493125
2021-08-29,25.967538833618164,26.46841049194336,25.3159122467041,25.73291778564453,25.73291778564453,1004630100,-0.009004740763788877
2021-08-30,25.733837127685547,27.564706802368164,24.417465209960938,26.044719696044922,26.044719696044922,1847373258,0.01211685021487674
2021-08-31,26.046707153320312,31.908222198486328,25.6816463470459,31.470020294189453,31.470020294189453,5433775562,0.208307121806667
2021-09-01,31.45442771911621,33.782981872558594,29.68352508544922,33.13948059082031,33.13948059082031,3610653475,0.053049228472823895
2021-09-02,33.187469482421875,33.187469482421875,31.360918045043945,31.814712524414062,31.814712524414062,2159617235,-0.039975522934816654
2021-09-03,31.8007755279541,34.00643539428711,31.057369232177734,33.67427444458008,33.67427444458008,2402724194,0.05844974769893074
2021-09-04,33.57599639892578,34.06256866455078,32.111289978027344,32.41751480102539,32.41751480102539,1508568851,-0.03732106078849651
2021-09-05,32.38362121582031,34.74408721923828,32.03780746459961,34.408790588378906,34.408790588378906,1731805767,0.06142592359641741
2021-09-06,34.42665481567383,35.014163970947266,32.642757415771484,34.31120300292969,34.31120300292969,2185610406,-0.002836123670158175
2021-09-07,34.3338737487793,35.67061996459961,22.762300491333008,27.82574462890625,27.82574462890625,5554694141,-0.18901868213334494
2021-09-08,27.87799644470215,28.866243362426758,25.356224060058594,27.70879364013672,27.70879364013672,3210808968,-0.00420297786561441
2021-09-09,27.20613670349121,31.80028533935547,27.07587242126465,29.835569381713867,29.835569381713867,3007862034,0.07675454114669478
2021-09-10,29.817100524902344,32.56816482543945,28.109939575195312,29.215356826782227,29.215356826782227,3735477033,-0.020787689586100777
2021-09-11,29.178245544433594,32.05207061767578,28.332056045532227,31.594602584838867,31.594602584838867,2273035757,0.08143818924284174
2021-09-12,31.631860733032227,36.30234146118164,30.696189880371094,35.77433776855469,35.77433776855469,4160379169,0.1322926969089817
2021-09-13,35.87453079223633,37.931331634521484,31.647409439086914,34.76799011230469,34.76799011230469,7156687508,-0.02813043424481143
2021-09-14,34.872154235839844,38.683414459228516,34.139060974121094,37.37580108642578,37.37580108642578,3761631381,0.0750060893855975
2021-09-15,37.38209533691406,38.003116607666016,35.61780548095703,36.46339416503906,36.46339416503906,2154595131,-0.024411702087051457
2021-09-16,36.486724853515625,36.96349334716797,34.095645904541016,35.547550201416016,35.547550201416016,2430072000,-0.02511680507518832
2021-09-17,35.53184509277344,36.89496994018555,32.23990249633789,33.021385192871094,33.021385192871094,2365641231,-0.07106439105455697
2021-09-18,33.01301193237305,35.83445739746094,32.5338134765625,34.89886474609375,34.89886474609375,1805117461,0.056856474743766316
2021-09-19,34.850250244140625,34.884765625,33.09801483154297,33.801334381103516,33.801334381103516,1453929289,-0.03144888445441718
2021-09-20,33.84331512451172,33.89080810546875,27.029417037963867,28.051830291748047,28.051830291748047,3954630278,-0.17009695607075515
2021-09-21,28.303569793701172,30.261415481567383,25.561138153076172,26.31650161743164,26.31650161743164,3325097631,-0.06186151335825263
2021-09-22,26.344911575317383,31.992185592651367,25.979167938232422,31.611772537231445,31.611772537231445,2905928191,0.20121484978430026
2021-09-23,31.601165771484375,33.591957092285156,30.443761825561523,33.54473876953125,33.54473876953125,2239422860,0.06114703723187964
2021-09-24,33.456424713134766,33.55144500732422,28.149688720703125,30.842344284057617,30.842344284057617,3844864517,-0.08056090417160211
2021-09-25,30.84218406677246,32.2297248840332,29.487117767333984,29.843185424804688,29.843185424804688,2036495249,-0.0323956846486988
2021-09-26,29.881675720214844,30.025686264038086,26.838930130004883,28.828662872314453,28.828662872314453,2609528913,-0.03399511607252881
2021-09-27,28.906639099121094,30.219684600830078,27.636186599731445,27.772104263305664,27.772104263305664,1672382041,-0.03664958772761717
2021-09-28,27.752607345581055,28.338756561279297,26.1771240234375,26.33382797241211,26.33382797241211,1505382459,-0.051788524098042465
2021-09-29,26.361602783203125,28.58709144592285,26.12822723388672,27.274255752563477,27.274255752563477,1537170123,0.03571177654599178
2021-09-30,27.302152633666992,28.972291946411133,27.15825653076172,28.58061981201172,28.58061981201172,1239805621,0.04789733114259076
2021-10-01,28.61880874633789,32.30791473388672,28.526262283325195,31.96877670288086,31.96877670288086,1998408915,0.11854735527622062
2021-10-02,31.94159507751465,33.38024139404297,31.57383918762207,32.122108459472656,32.122108459472656,1447666890,0.004796297275209138
2021-10-03,32.03999328613281,32.68209457397461,31.33682632446289,32.105255126953125,32.105255126953125,1294791998,-0.0005246645792506
2021-10-04,32.11334991455078,32.11334991455078,30.09305763244629,31.042125701904297,31.042125701904297,1294606337,-0.03311387562082646
2021-10-05,31.11963653564453,32.127662658691406,30.639461517333984,31.427457809448242,31.427457809448242,1258661015,0.012413199767447258
2021-10-06,31.397581100463867,33.02128601074219,29.18697166442871,32.28961181640625,32.28961181640625,1979276161,0.027433144996500847
2021-10-07,32.228179931640625,35.308162689208984,31.023616790771484,33.97454833984375,33.97454833984375,2724383950,0.05218199998865858
2021-10-08,33.965694427490234,34.482086181640625,33.166404724121094,33.372894287109375,33.372894287109375,1540992724,-0.017708963978449233
2021-10-09,33.30734634399414,36.89616012573242,33.02848434448242,36.3274040222168,36.3274040222168,1925845633,0.0885302218527877
2021-10-10,36.314212799072266,37.41696548461914,34.24786376953125,34.4664192199707,34.4664192199707,1892396216,-0.05122812522215925
2021-10-11,34.4790153503418,36.075645446777344,33.29926681518555,34.18463134765625,34.18463134765625,1633598821,-0.00817572230280239
2021-10-12,34.14851760864258,35.414695739746094,32.11861801147461,35.159767150878906,35.159767150878906,1907396456,0.02852556148128582
2021-10-13,35.17316818237305,43.0985107421875,33.79595184326172,41.6169319152832,41.6169319152832,4978924113,0.18365209122958825
2021-10-14,41.674598693847656,42.427547454833984,39.48907470703125,40.75510025024414,40.75510025024414,3094236878,-0.020708678544430814
2021-10-15,40.7451171875,44.06806945800781,39.517784118652344,43.15711212158203,43.15711212158203,3509884039,0.058937699983292235
2021-10-16,43.25580978393555,44.68291091918945,41.324440002441406,41.757625579833984,41.757625579833984,2149299435,-0.03242771522351684
2021-10-17,41.73619079589844,42.85660171508789,39.84425735473633,42.073951721191406,42.073951721191406,1794118104,0.007575290428155634
2021-10-18,42.10353088378906,43.21934127807617,40.2896842956543,41.18367004394531,41.18367004394531,1770037056,-0.021159925341590502
2021-10-19,41.182979583740234,41.57124710083008,40.11100387573242,41.38401412963867,41.38401412963867,1476241195,0.004864648669717475
2021-10-20,41.355506896972656,45.19144821166992,41.10404586791992,44.348655700683594,44.348655700683594,2160124585,0.07163736127089915
2021-10-21,44.40413284301758,45.50112533569336,42.00785446166992,42.846519470214844,42.846519470214844,2416148968,-0.033871065689271784
2021-10-22,42.84566116333008,46.306541442871094,42.74349594116211,43.44936752319336,43.44936752319336,2535826499,0.014069942213102982
2021-10-23,43.47877502441406,44.75666427612305,43.103580474853516,44.04997253417969,44.04997253417969,1228699647,0.013823101352757883
2021-10-24,44.02895736694336,44.20076370239258,41.352333068847656,42.385658264160156,42.385658264160156,1286707564,-0.03778241334266763
2021-10-25,42.33413314819336,44.77607727050781,42.149715423583984,44.5266227722168,44.5266227722168,1360980395,0.05051153139379139
2021-10-26,44.51347732543945,46.0181999206543,43.44990539550781,44.883872985839844,44.883872985839844,1763935730,0.008023294635450373
2021-10-27,44.95084762573242,45.77347946166992,39.872562408447266,40.41045379638672,40.41045379638672,2833846259,-0.09966651476053368
2021-10-28,40.379798889160156,43.114501953125,39.983070373535156,41.861690521240234,41.861690521240234,1946242940,0.035912408511068916
2021-10-29,41.87302017211914,44.31965637207031,41.6749267578125,44.07362365722656,44.07362365722656,1613356430,0.05283907812714861
2021-10-30,44.08383560180664,44.2801399230957,42.25952911376953,42.747833251953125,42.747833251953125,1002560667,-0.030081266191872458
2021-10-31,42.75190734863281,43.362422943115234,41.12775802612305,42.742095947265625,42.742095947265625,1250223353,-0.00013421276006397864
2021-11-01,42.73979187011719,51.468780517578125,41.8101921081543,49.98225402832031,49.98225402832031,4338984539,0.16939174180853112
2021-11-02,50.06534194946289,53.246036529541016,48.05802917480469,51.631351470947266,51.631351470947266,3755226109,0.03299365894328332
2021-11-03,51.63199234008789,54.552494049072266,49.21791076660156,53.443702697753906,53.443702697753906,3292529595,0.03510175843114327
2021-11-04,53.335697174072266,55.004974365234375,52.25465393066406,53.88173294067383,53.88173294067383,2735203164,0.008196105823677025
2021-11-05,53.877750396728516,53.94598388671875,50.66057586669922,51.89467239379883,51.89467239379883,1836789840,-0.036878185582168266
2021-11-06,51.865989685058594,52.437400817871094,49.087318420410156,52.00921630859375,52.00921630859375,1731999303,0.002207238421811697
2021-11-07,52.07573318481445,53.55031204223633,51.41523361206055,52.27798080444336,52.27798080444336,1469149811,0.005167632103027842
2021-11-08,52.27919006347656,53.85879135131836,51.78031921386719,53.34845733642578,53.34845733642578,1731022445,0.0204766235327023
2021-11-09,53.375797271728516,53.418670654296875,50.606040954589844,50.779361724853516,50.779361724853516,1889383248,-0.04815688662506301
2021-11-10,50.76315689086914,52.04048156738281,42.757930755615234,46.87133026123047,46.87133026123047,3209700777,-0.07696101980955572
2021-11-11,46.85951614379883,49.46265411376953,45.648799896240234,47.64762496948242,47.64762496948242,1903460945,0.016562250397532674
2021-11-12,47.56955337524414,47.76028823852539,44.07051086425781,45.88080596923828,45.88080596923828,2018292419,-0.03708094582627697
2021-11-13,45.905609130859375,47.517547607421875,44.92832565307617,47.12905502319336,47.12905502319336,1193417084,0.027206345389660047
2021-11-14,47.135154724121094,47.80475616455078,45.066184997558594,46.40182113647461,46.40182113647461,943480234,-0.015430691032545907
2021-11-15,46.40087890625,47.42341232299805,44.64331817626953,44.688716888427734,44.688716888427734,1217037806,-0.036918901157098616
2021-11-16,44.84197998046875,44.84197998046875,38.725276947021484,40.899314880371094,40.899314880371094,2989773813,-0.08479549810117548
2021-11-17,40.873985290527344,42.70829391479492,39.033897399902344,42.70829391479492,42.70829391479492,1952021421,0.04423005714680106
2021-11-18,42.73418426513672,43.293174743652344,37.696529388427734,39.04596710205078,39.04596710205078,2184185009,-0.08575212159143275
2021-11-19,39.00419998168945,42.303260803222656,38.459739685058594,41.26102066040039,41.26102066040039,1585574130,0.05672938136121286
2021-11-20,41.25736999511719,42.08418655395508,39.97053909301758,42.060428619384766,42.060428619384766,1072593579,0.01937441067112511
2021-11-21,42.114776611328125,43.59584045410156,40.712013244628906,42.005706787109375,42.005706787109375,1200251789,-0.0013010288784877089
2021-11-22,42.0106315612793,42.14490509033203,38.84864044189453,39.447872161865234,39.447872161865234,1419043417,-0.06089255058146248
2021-11-23,39.50371170043945,41.45121765136719,38.62919998168945,40.79104232788086,40.79104232788086,1191444255,0.034049242516915434
2021-11-24,40.78751754760742,40.958404541015625,38.119476318359375,39.36941909790039,39.36941909790039,1151780975,-0.034851358260310605
2021-11-25,38.30778884887695,40.95637130737305,38.08108139038086,38.45594787597656,38.45594787597656,1204042086,-0.023202557793710055
2021-11-26,39.46747970581055,39.64911651611328,33.98723602294922,34.38590621948242,34.38590621948242,2209378812,-0.10583646695227333
2021-11-27,34.54508590698242,35.93495178222656,34.49448776245117,35.18669891357422,35.18669891357422,1023830346,0.023288398711390768
2021-11-28,35.22654342651367,35.839019775390625,32.43307113647461,35.76512145996094,35.76512145996094,1521352541,0.01643867041371072
2021-11-29,35.79829406738281,37.55788803100586,35.47723388671875,37.162654876708984,37.162654876708984,1277403223,0.039075315830049195
2021-11-30,37.13404083251953,39.33654022216797,35.55549240112305,37.96049499511719,37.96049499511719,1552695148,0.02146886763217326
2021-12-01,37.92595672607422,38.80066680908203,36.31910705566406,36.77326583862305,36.77326583862305,1247647115,-0.03127538659985474
2021-12-02,36.78253936767578,36.79286193847656,35.15065383911133,35.75789260864258,35.75789260864258,1000369702,-0.02761172299562309
2021-12-03,35.77011489868164,36.79755401611328,32.791805267333984,33.639530181884766,33.639530181884766,1330467954,-0.05924181410639984
2021-12-04,33.762454986572266,33.86583709716797,24.720991134643555,29.368837356567383,29.368837356567383,2854207528,-0.1269545918812265
2021-12-05,29.379711151123047,29.77900505065918,26.49066734313965,28.310138702392578,28.310138702392578,1471059303,-0.036048367911917345
2021-12-06,28.342397689819336,28.889867782592773,24.907079696655273,28.249523162841797,28.249523162841797,1994330966,-0.0021411247817608725
2021-12-07,28.232168197631836,31.443294525146484,27.790523529052734,30.543865203857422,30.543865203857422,1776628055,0.08121701834718054
2021-12-08,30.543373107910156,30.622547149658203,28.102445602416992,29.870498657226562,29.870498657226562,1356418902,-0.022045885225613793
2021-12-09,29.780275344848633,30.11067771911621,26.86099624633789,26.951921463012695,26.951921463012695,1193183661,-0.09770768234255023
2021-12-10,26.96181869506836,28.39946174621582,25.846044540405273,26.453914642333984,26.453914642333984,1357627514,-0.01847759987584363
2021-12-11,26.47014045715332,28.145265579223633,25.917293548583984,27.774728775024414,27.774728775024414,1175903576,0.04992887255244782
2021-12-12,27.760690689086914,30.02223014831543,27.35613441467285,29.608980178833008,29.608980178833008,897053031,0.0660402993910778
2021-12-13,29.613889694213867,29.812469482421875,25.608619689941406,25.971105575561523,25.971105575561523,1292550086,-0.12286389403820608
2021-12-14,25.95271873474121,26.69297981262207,25.091861724853516,26.168418884277344,26.168418884277344,1206987079,0.007597416603684737
2021-12-15,26.17487335205078,27.989715576171875,24.37153434753418,27.14575958251953,27.14575958251953,1580299615,0.03734809896479452
2021-12-16,27.154754638671875,27.795270919799805,25.771623611450195,26.04307746887207,26.04307746887207,1485488983,-0.04062078684132797
2021-12-17,26.0284366607666,26.20854949951172,24.287595748901367,24.663026809692383,24.663026809692383,1134265516,-0.05299107453138707
2021-12-18,24.676816940307617,25.724895477294922,24.256322860717773,25.49075698852539,25.49075698852539,878905203,0.03356158127791997
2021-12-19,25.488006591796875,25.856468200683594,24.695018768310547,24.791400909423828,24.791400909423828,744698642,-0.027435673229177726
2021-12-20,24.78410530090332,25.018566131591797,23.313159942626953,24.050674438476562,24.050674438476562,924598147,-0.029878362810295878
2021-12-21,24.042261123657227,25.584335327148438,23.765161514282227,25.194194793701172,25.194194793701172,893276894,0.0475462905686832
2021-12-22,25.187767028808594,28.212661743164062,25.019508361816406,27.216073989868164,27.216073989868164,1332894453,0.08025178866492233
2021-12-23,27.233430862426758,29.63795280456543,26.793832778930664,29.111093521118164,29.111093521118164,1466897164,0.06962868825075463
2021-12-24,29.153118133544922,29.667552947998047,27.881593704223633,28.139497756958008,28.139497756958008,1068526285,-0.033375447179795126
2021-12-25,28.158287048339844,29.1444149017334,28.009048461914062,28.837757110595703,28.837757110595703,721290103,0.024814208116597847
2021-12-26,28.83884048461914,31.739517211914062,28.32209014892578,31.332836151123047,31.332836151123047,1627652480,0.08652125860407467
2021-12-27,31.3199462890625,32.76809310913086,30.835819244384766,30.908672332763672,30.908672332763672,1724296390,-0.01353735794339106
2021-12-28,30.962434768676758,30.962434768676758,27.585023880004883,27.907102584838867,27.907102584838867,2373946823,-0.09711092458484849
2021-12-29,27.865062713623047,28.92106819152832,26.560365676879883,26.744373321533203,26.744373321533203,1772776120,-0.04166427739214107
2021-12-30,26.827425003051758,28.370248794555664,26.218414306640625,27.56778907775879,27.56778907775879,1238329221,0.03078837355155417
2021-12-31,27.569290161132812,28.060705184936523,26.356334686279297,26.719675064086914,26.719675064086914,1169307108,-0.030764672904296075
2022-01-01,26.721345901489258,28.583581924438477,26.705991744995117,28.583581924438477,28.583581924438477,769282646,0.06975784158605958
2022-01-02,28.5828857421875,30.55582618713379,27.922351837158203,29.73116683959961,29.73116683959961,1217867246,0.04014839421437122
2022-01-03,29.72490119934082,30.82572364807129,28.751802444458008,30.105100631713867,30.105100631713867,1652854634,0.012577165038010207
2022-01-04,30.10938835144043,30.5336856842041,28.77773094177246,28.77773094177246,28.77773094177246,1433783811,-0.04409118926987088
2022-01-12,25.548051834106445,27.558557510375977,25.511274337768555,27.319494247436523,27.319494247436523,1416836455,-0.05067240003343099
2022-01-13,27.31721305847168,27.588245391845703,25.828889846801758,25.828889846801758,25.828889846801758,1392401458,-0.054561932484333386
2022-01-14,25.831518173217773,27.83451271057129,25.696104049682617,27.71286392211914,27.71286392211914,1801182212,0.072940574933408
2022-01-15,27.716449737548828,28.384349822998047,26.942691802978516,27.736833572387695,27.736833572387695,1158992450,0.0008649286604198725
2022-01-16,27.724180221557617,28.41518211364746,27.382957458496094,27.665128707885742,27.665128707885742,1280576659,-0.002585185663490308
2022-01-17,27.671783447265625,27.720455169677734,25.23969841003418,25.727352142333984,25.727352142333984,1453899013,-0.07004401049467768
2022-01-19,25.170045852661133,25.285926818847656,23.81003189086914,24.129552841186523,24.129552841186523,1171940720,-0.06210508148323224
2022-01-20,24.1304874420166,25.564138412475586,22.983806610107422,22.984886169433594,22.984886169433594,897265226,-0.04743837066881351
2022-01-21,22.99968147277832,23.4301815032959,19.305566787719727,19.64629364013672,19.64629364013672,2158447179,-0.14525164513264788
2022-01-22,19.657222747802734,20.074378967285156,16.52956771850586,18.229856491088867,18.229856491088867,2593516897,-0.07209691430826004
2022-01-23,18.23941993713379,19.13938331604004,17.82668113708496,18.82877540588379,18.82877540588379,1570770653,0.032853737224299406
2022-01-24,18.82708168029785,18.82708168029785,15.976184844970703,18.0367488861084,18.0367488861084,2261885506,-0.04206468571120625
2022-01-25,18.03675079345703,19.012128829956055,17.440677642822266,18.34864616394043,18.34864616394043,1511107520,0.017292322457970855
2022-01-26,18.341249465942383,19.937612533569336,17.641090393066406,18.076839447021484,18.076839447021484,1763129260,-0.01481344805989615
2022-01-30,18.715377807617188,18.967439651489258,17.86893081665039,18.172527313232422,18.172527313232422,757967482,0.005293395811329482
2022-01-31,18.171585083007812,19.55442237854004,17.1998291015625,19.42054557800293,19.42054557800293,1115684278,0.06867609789540707
2022-02-01,19.415050506591797,19.951501846313477,19.202529907226562,19.61420440673828,19.61420440673828,1068758718,0.009971853157138
2022-02-02,19.61564826965332,20.532360076904297,18.721237182617188,18.796897888183594,18.796897888183594,1153269231,-0.041669113954676096
2022-02-03,18.78936767578125,18.838409423828125,18.099340438842773,18.81250762939453,18.81250762939453,906875219,0.000830442411497545
2022-02-04,18.807336807250977,20.463794708251953,18.749555587768555,20.424663543701172,20.424663543701172,1110480504,0.08569596069094199
2022-02-05,20.43718910217285,22.252073287963867,20.35291290283203,21.366989135742188,21.366989135742188,1265231134,0.04613665189758409
2022-02-06,21.36734390258789,21.903335571289062,20.922809600830078,21.903335571289062,21.903335571289062,830919540,0.025101638426430872
